Cuantil,Tau,Pinball_Loss_B
P10,0.1,3.7911298065433336
P25,0.25,7.444859567025001
P50,0.5,10.090842803383337
P75,0.75,5.266215929398339
P90,0.9,5.027906009880006
