Feature,Gain,Gain_pct
MA_3,0.1527235209941864,29.652344780075573
Lag_12,0.14008459448814392,27.198408385946248
Diff_1,0.07298549264669418,14.170646262050418
Es_Pico_Fiscal,0.03988008201122284,7.742998157431716
Trend,0.03383202850818634,6.568726070506685
Mes_sin,0.028402701020240784,5.514583987162289
MA_12,0.021222256124019623,4.120450154003814
Diff_12,0.017139187082648277,3.327693608139444
Lag_2,0.004391752183437347,0.8526895469944746
Lag_1,0.004385414533317089,0.8514590476893378
